CompanyName,Description,Tagline,CompanyEmail,TaxIdentifier
NorthPeak Talent Partners,Regional staffing and technical placement services for industrial operations,Build resilient workforce capacity,partnerships@northpeaktalent.com,41-2039485
BlueRiver Managed Services,Managed infrastructure and service desk support for distributed enterprises,Operate with confidence at scale,operations@blueriverms.com,83-1182740
Summit Industrial Supply Group,Industrial parts distribution and onsite supply chain services,Keep production moving,sales@summitindustrialsupply.com,26-5028147
Harborline Logistics Partners,Regional warehousing and transportation coordination services,Deliver with precision,contact@harborlinelogistics.com,54-9274186
Granite Field Systems,Field service and industrial automation integration provider,Connect plants and people,hello@granitefieldsystems.com,72-6481203
Crescent Packaging Solutions,Custom packaging and fulfillment services for manufacturing customers,Package every shipment with care,sales@crescentpackaging.com,19-3308644
Redwood Safety Systems,Workplace safety consulting and training services,Safer operations every day,info@redwoodsafetysystems.com,68-1940375
Prairie Maintenance Group,Facility and equipment maintenance partner for regional plants,Protect uptime where it matters,support@prairiemaintenance.com,33-7205619
Northwind Distribution LLC,Industrial distribution network serving manufacturers and resellers,Deliver measurable outcomes,sales@northwinddistribution.com,12-3456789
Blue Ridge Components Group,Precision components supplier for North American production lines,Precision for every build,contact@blueridgecomponents.com,45-8123746
Crescent Warehouse Holdings,Warehouse operations and third-party logistics provider for midmarket manufacturers,Move inventory with confidence,operations@crescentwarehouse.com,60-2741938
Summit Quality Labs,Independent quality validation and compliance testing services,Validate with confidence,hello@summitqualitylabs.com,21-9938471
Harbor Procurement Advisors,Strategic sourcing and supplier onboarding advisory services,Source smarter with every cycle,advisory@harborprocurement.com,75-4102863
Prairie Retail Group,Regional retail and channel distribution customer for industrial goods,Serve stores without friction,sales@prairieretailgroup.com,17-6248035
Redwood Components Manufacturing,Specialty fabrication customer for industrial assemblies,Engineered for dependable output,contact@redwoodcomponents.com,58-3019472
Granite Transit Services,Freight brokerage and managed transportation services partner,Plan every mile clearly,service@granitetransit.com,39-2805614
NorthPeak Energy Controls,Industrial controls and monitoring partner for plant modernization,Visibility for critical systems,alliances@northpeakenergy.com,64-5827190
BlueRiver Dealer Network,Channel sales and dealer enablement partner for field operations,Enable every channel touchpoint,partners@blueriverdealer.com,29-7410568
Summit Medical Devices,Healthcare manufacturing customer focused on regulated product lines,Quality devices with trusted traceability,sales@summitmedicaldevices.com,84-1659027
Crescent Finance Operations,Shared-services customer supporting treasury and finance workflows,Finance operations without guesswork,contact@crescentfinanceops.com,47-9361052
