Value,Country,Source
Smith,United States,Census Bureau 2010 surname dataset
Johnson,United States,Census Bureau 2010 surname dataset
Williams,United States,Census Bureau 2010 surname dataset
Brown,United States,Census Bureau 2010 surname dataset
Jones,United States,Census Bureau 2010 surname dataset
Garcia,United States,Census Bureau 2010 surname dataset
Miller,United States,Census Bureau 2010 surname dataset
Davis,United States,Census Bureau 2010 surname dataset
Rodriguez,United States,Census Bureau 2010 surname dataset
Martinez,United States,Census Bureau 2010 surname dataset
Hernandez,United States,Census Bureau 2010 surname dataset
Lopez,United States,Census Bureau 2010 surname dataset
Gonzalez,United States,Census Bureau 2010 surname dataset
Wilson,United States,Census Bureau 2010 surname dataset
Anderson,United States,Census Bureau 2010 surname dataset
Thomas,United States,Census Bureau 2010 surname dataset
Taylor,United States,Census Bureau 2010 surname dataset
Moore,United States,Census Bureau 2010 surname dataset
Jackson,United States,Census Bureau 2010 surname dataset
Martin,United States,Census Bureau 2010 surname dataset
Lee,United States,Census Bureau 2010 surname dataset
Perez,United States,Census Bureau 2010 surname dataset
Thompson,United States,Census Bureau 2010 surname dataset
White,United States,Census Bureau 2010 surname dataset
Harris,United States,Census Bureau 2010 surname dataset
Sanchez,United States,Census Bureau 2010 surname dataset
Clark,United States,Census Bureau 2010 surname dataset
Ramirez,United States,Census Bureau 2010 surname dataset
Lewis,United States,Census Bureau 2010 surname dataset
Robinson,United States,Census Bureau 2010 surname dataset
Walker,United States,Census Bureau 2010 surname dataset
Young,United States,Census Bureau 2010 surname dataset
Allen,United States,Census Bureau 2010 surname dataset
King,United States,Census Bureau 2010 surname dataset
Wright,United States,Census Bureau 2010 surname dataset
Scott,United States,Census Bureau 2010 surname dataset
Torres,United States,Census Bureau 2010 surname dataset
Nguyen,United States,Census Bureau 2010 surname dataset
Hill,United States,Census Bureau 2010 surname dataset
Flores,United States,Census Bureau 2010 surname dataset
Green,United States,Census Bureau 2010 surname dataset
Adams,United States,Census Bureau 2010 surname dataset
Nelson,United States,Census Bureau 2010 surname dataset
Baker,United States,Census Bureau 2010 surname dataset
Hall,United States,Census Bureau 2010 surname dataset
Rivera,United States,Census Bureau 2010 surname dataset
Campbell,United States,Census Bureau 2010 surname dataset
Mitchell,United States,Census Bureau 2010 surname dataset
Carter,United States,Census Bureau 2010 surname dataset
Roberts,United States,Census Bureau 2010 surname dataset
